n,mode,runs,N,N_stdev,ctx_ms,ctx_ms_stdev,keygen_ms,keygen_ms_stdev,rank_ms,rank_ms_stdev,gpu_keys_mib,gpu_keys_mib_stdev,gpu_rank_mib,gpu_rank_mib_stdev,gpu_peak_mib,gpu_peak_mib_stdev,rank_s
8,basic,3,8.0,0.0,90.63936666666667,0.851345349040757,19.724966666666667,0.00315330514434195,100.41366666666667,0.07345973954032867,391.0,0.0,405.0,0.0,687.0,0.0,0.10041366666666666
8,tie_corr,3,8.0,0.0,84.30036666666666,5.740738928337826,19.627133333333333,0.14102284684877617,103.26166666666667,0.20864403498143425,391.0,0.0,404.0,0.0,687.0,0.0,0.10326166666666667
16,basic,3,16.0,0.0,85.2899,5.341321820486017,24.308733333333333,0.11628500906536983,158.389,0.29427198303610413,483.0,0.0,496.0,0.0,785.0,0.0,0.158389
16,tie_corr,3,16.0,0.0,91.13096666666667,0.49050490653339324,24.41593333333333,0.009755169569686665,161.09633333333335,0.5195982422346533,483.0,0.0,495.0,0.0,785.0,0.0,0.16109633333333334
32,basic,3,32.0,0.0,88.44816666666667,5.548147417231569,29.152266666666666,0.1723473334094068,259.3226666666667,1.0675974584708074,575.0,0.0,588.0,0.0,944.0,0.0,0.2593226666666667
32,tie_corr,3,32.0,0.0,87.40716666666667,5.476733882829556,29.076800000000002,0.13996953239901888,261.271,1.1402267318389185,575.0,0.0,587.0,0.0,944.0,0.0,0.26127100000000003
64,basic,3,64.0,0.0,73.5481,0.8866882428452514,39.67563333333333,0.022901164453654522,400.34,0.4214130989895894,1305.0,0.0,1317.0,0.0,1645.0,0.0,0.40034
64,tie_corr,3,64.0,0.0,75.5407,4.636746798133364,39.746900000000004,0.04077388870343231,402.00333333333333,0.31121428844663857,1305.0,0.0,1316.0,0.0,1645.0,0.0,0.4020033333333333
128,basic,3,128.0,0.0,78.9263,4.480685772289775,45.34003333333333,0.12871772734683135,695.641,1.9663425439124322,1485.0,0.0,1497.0,0.0,1948.0,0.0,0.695641
